water_id,name,country,tier,lake_type,area_km2,west,south,east,north
hylak_1046495,,United States of America,global,1,0.67,-93.488915,44.093279,-93.456297,44.116702
hylak_1050392,,United States of America,global,1,0.55,-88.298981,42.616505,-88.267144,42.639929
hylak_1051372,,United States of America,global,1,0.56,-100.136548,42.30708,-100.104868,42.330504
hylak_1057088,,United States of America,global,1,0.61,-95.883355,39.086029,-95.853174,39.109452
hylak_1081089,,Brazil,global,1,0.92,-66.319379,-2.254981,-66.294634,-2.231557
hylak_1082539,,Colombia,global,1,0.64,-69.972159,-2.743567,-69.944865,-2.720144
hylak_1088459,,Brazil,global,1,0.89,-65.243545,-7.475361,-65.218312,-7.446733
hylak_110036,,United States of America,global,1,1.35,-68.257879,44.600811,-68.224976,44.624235
hylak_1102195,,Argentina,global,1,0.6,-58.654131,-28.281231,-58.627536,-28.257807
hylak_1107498,,Argentina,global,1,0.53,-60.463185,-32.892861,-60.435291,-32.86841
hylak_111231,,United States of America,global,1,2.11,-83.580238,42.654282,-83.548387,42.684534
hylak_115479,,Mexico,global,1,3.36,-99.505767,18.341306,-99.476372,18.370212
hylak_116747,,Colombia,global,1,1.22,-69.376936,5.190472,-69.353415,5.217439
hylak_116800,,Brazil,global,1,1.29,-61.892437,3.250773,-61.835063,3.274197
hylak_116838,,Kiribati,global,1,1.83,-157.386876,1.911722,-157.363439,1.942018
hylak_119920,,Bolivia,global,1,3.01,-64.049681,-14.349942,-64.023975,-14.318647
hylak_121050,,Argentina,global,1,5.69,-65.709939,-26.936472,-65.679206,-26.900616
hylak_1361975,,Russia,global,1,0.65,43.914046,44.009327,43.946619,44.032751
hylak_1364298,,China,global,1,0.92,122.523006,42.462536,122.554761,42.485959
hylak_1369799,,Afghanistan,global,1,0.57,68.417111,37.146939,68.4465,37.170362
hylak_1370584,,South Korea,global,1,0.58,127.999817,36.290991,128.028881,36.314415
hylak_1370585,,South Korea,global,1,0.58,126.52073,36.276028,126.549794,36.30522
hylak_1378961,,China,global,1,0.58,122.325949,29.934874,122.352981,29.958297
hylak_1379764,,China,global,1,0.56,93.923987,29.491147,93.950902,29.51457
hylak_1380414,,China,china,2,0.75,120.027402,29.11238,120.054217,29.135804
hylak_1389612,,Myanmar,global,1,0.91,96.043719,22.447267,96.069063,22.47069
hylak_1393768,,China,china,2,0.81,109.236311,18.405311,109.263688,18.428734
hylak_1401077,,South Sudan,global,1,0.53,32.780332,11.763528,32.804258,11.797442
hylak_1406687,,Indonesia,global,1,0.63,101.683465,1.173345,101.706894,1.196768
hylak_1417328,,Australia,global,1,0.53,122.837895,-22.188794,122.86319,-22.16537
hylak_1419180,,South Africa,global,1,0.53,28.206709,-26.251799,28.232824,-26.228375
hylak_14272,,Russia,global,1,19.27,46.764503,44.556861,46.834185,44.639108
hylak_14981,,China,china,2,18.86,118.698711,34.374083,118.751251,34.454719
hylak_15164,,China,china,2,19.1,115.290614,31.696583,115.402404,31.806608
hylak_15288,,China,china,2,12.05,106.483011,30.549263,106.571153,30.615963
hylak_15358,,China,china,2,26.51,110.543462,29.529367,110.746078,29.653264
hylak_15451,,China,china,2,14.33,117.941918,26.457137,118.088651,26.607133
hylak_15464,,India,global,2,14.47,77.945897,26.182139,78.023825,26.236689
hylak_15468,,China,china,2,40.26,111.585171,25.498938,111.750546,25.969978
hylak_15962,,Gabon,global,1,26.63,9.704214,-1.015917,9.844397,-0.897281
hylak_16142,,Australia,global,1,14.63,135.83271,-13.772023,135.895924,-13.698805
hylak_171371,,China,global,1,1.14,124.218033,44.587007,124.25093,44.610431
hylak_171819,,France,global,1,4.83,4.55958,43.361306,4.60284,43.404218
hylak_175027,,China,global,1,4.38,87.863504,33.161444,87.903487,33.184959
hylak_175183,,China,china,2,3.1,118.120614,32.649083,118.164593,32.691342
hylak_175361,,China,china,2,7.34,113.459169,32.135736,113.513185,32.194615
hylak_175488,,China,china,2,4.05,119.058783,31.616861,119.094333,31.657995
hylak_175572,,China,china,2,3.01,110.717379,31.363424,110.791408,31.413396
hylak_175596,,China,china,2,9.05,119.387847,31.236028,119.447338,31.32423
hylak_175655,,China,global,1,3.21,120.721452,31.148806,120.75218,31.174659
hylak_175727,,China,china,2,7.74,115.064469,30.997694,115.152164,31.035497
hylak_176172,,China,china,2,4.86,105.015215,29.908185,105.071097,29.959705
hylak_176244,,China,china,2,1.05,105.747841,29.76075,105.784103,29.786048
hylak_176345,,China,china,2,9.41,114.00645,29.345472,114.070217,29.432161
hylak_176420,,China,china,2,8.33,116.877906,29.201324,116.939817,29.25707
hylak_176516,,China,china,2,7.47,118.82632,28.70737,118.900282,28.832459
hylak_176779,,China,china,2,1.08,114.529877,27.275176,114.556234,27.298599
hylak_176892,,China,china,2,3.96,99.950204,26.257288,99.989579,26.302311
hylak_177281,,China,china,2,2.9,102.574086,24.338667,102.624965,24.379264
hylak_177493,,China,china,2,2.44,113.903675,23.278528,113.937863,23.315538
hylak_178180,,China,china,2,1.1,110.157286,20.492139,110.182293,20.519656
hylak_179649,,Cambodia,global,1,6.91,105.093151,11.317833,105.149136,11.361464
hylak_181140,,Papua New Guinea,global,1,3.77,143.405073,-4.331659,143.437325,-4.292192
hylak_9165,,United States of America,global,2,10.14,-120.437235,41.068389,-120.364306,41.114803
hylak_1042798,,United States of America,global,1,0.58,-110.793544,44.791167,-110.760523,44.820629
hylak_10443,,Argentina,global,1,17.96,-61.366505,-30.118694,-61.31002,-30.069465
hylak_1045443,,United States of America,global,1,0.63,-70.696807,44.347285,-70.664049,44.370709
hylak_1045681,,United States of America,global,1,0.79,-94.750562,44.295144,-94.717829,44.318568
hylak_1045700,,United States of America,global,1,0.94,-93.650619,44.293629,-93.617889,44.317052
hylak_1046804,,Canada,global,1,0.98,-66.128836,44.012455,-66.096263,44.037201
hylak_1047456,,Canada,global,1,0.71,-65.921726,43.848361,-65.889244,43.874631
hylak_1047947,,United States of America,global,1,0.64,-74.27228,43.664541,-74.239894,43.687965
hylak_1048393,,United States of America,global,1,0.81,-109.568302,43.45104,-109.536028,43.474463
hylak_1051065,,United States of America,global,1,0.79,-120.44404,42.405183,-120.412314,42.428606
hylak_1051763,,United States of America,global,1,0.75,-101.945461,42.188273,-101.913843,42.211696
hylak_1056369,,United States of America,global,1,0.55,-84.002084,39.68897,-83.971639,39.712393
hylak_1058185,,United States of America,global,1,0.53,-86.656452,38.114976,-86.626676,38.1384
hylak_1059362,,United States of America,global,1,0.57,-105.627052,37.042206,-105.597702,37.065629
hylak_1059889,,United States of America,global,1,0.7,-101.658637,36.128792,-101.629632,36.152215
hylak_1061183,,United States of America,global,1,0.71,-95.083163,34.761964,-95.054648,34.785387
hylak_1061434,,United States of America,global,1,0.74,-113.2677,34.58008,-113.239245,34.603503
hylak_1061639,,United States of America,global,1,0.85,-90.956152,34.403679,-90.927758,34.427103
hylak_1064287,,United States of America,global,1,0.69,-101.5482,32.237382,-101.519364,32.260805
hylak_1067224,,United States of America,global,1,0.88,-89.337202,29.334939,-89.310329,29.358363
hylak_1068391,,United States of America,global,1,0.69,-82.495573,28.069828,-82.469025,28.093252
hylak_1068816,,United States of America,global,1,0.69,-81.463381,27.421426,-81.43699,27.444849
hylak_1069165,,The Bahamas,global,1,0.53,-77.164847,26.465609,-77.138679,26.489032
hylak_1069361,,United States of America,global,1,0.54,-97.357316,25.98238,-97.331256,26.005804
hylak_1070102,,The Bahamas,global,1,0.56,-75.354858,24.182519,-75.329178,24.205943
hylak_1070231,,The Bahamas,global,1,0.77,-77.57474,23.747541,-77.549149,23.770965
hylak_1072560,,Mexico,global,1,0.56,-92.466612,18.457239,-92.441916,18.480662
hylak_1073326,,Mexico,global,1,0.79,-92.270783,17.840194,-92.246174,17.864574
hylak_1073767,,Mexico,global,1,0.8,-92.579972,16.16075,-92.555584,16.188267
hylak_1075073,,Colombia,global,1,0.78,-74.520734,9.280313,-74.497,9.303736
hylak_1075597,,Colombia,global,1,0.7,-74.04335,8.939292,-74.019638,8.962715
hylak_1075909,,Venezuela,global,1,0.77,-61.984835,8.78335,-61.961133,8.806773
hylak_1076823,,Venezuela,global,1,0.54,-67.609329,7.925715,-67.585679,7.949138
hylak_1077993,,Colombia,global,1,0.61,-70.890827,5.375244,-70.867299,5.398667
hylak_1078624,,Kiribati,global,1,0.88,-157.416393,1.830201,-157.392958,1.853624
hylak_1080280,,Brazil,global,1,0.77,-55.689108,-1.89765,-55.656458,-1.874226
hylak_1080574,,Brazil,global,1,0.74,-54.083365,-2.042306,-54.059927,-2.017595
hylak_1081314,,Brazil,global,1,0.78,-56.516409,-2.348967,-56.492966,-2.325543
hylak_1081666,,Brazil,global,1,0.79,-61.011478,-2.460858,-60.988033,-2.437435
hylak_1082811,,Brazil,global,1,0.7,-68.853097,-2.937028,-68.829644,-2.890647
hylak_1083724,,Brazil,global,1,0.64,-68.753945,-3.336053,-68.730482,-3.31263
hylak_1084708,,Peru,global,1,0.92,-71.676328,-3.726784,-71.631408,-3.70336
hylak_1086088,,Brazil,global,1,0.61,-70.237159,-4.585666,-70.205311,-4.562242
hylak_1086122,,Brazil,global,1,0.57,-62.118536,-4.621765,-62.095037,-4.598342
hylak_1086933,,Brazil,global,1,0.91,-67.573373,-5.598424,-67.549837,-5.575
hylak_1087079,,Peru,global,1,0.55,-74.319951,-5.766217,-74.296409,-5.742794
hylak_1087681,,Peru,global,1,0.61,-80.428828,-6.41193,-80.405257,-6.388507
hylak_1088533,,Brazil,global,1,0.57,-66.232481,-7.579546,-66.208677,-7.556123
hylak_1091925,,Peru,global,1,0.63,-70.20274,-12.621419,-70.17794,-12.597995
hylak_1092191,,Brazil,global,1,0.88,-38.757009,-12.898997,-38.73298,-12.875574
hylak_1092403,,Bolivia,global,1,0.55,-63.031585,-13.128649,-63.007535,-13.105226
hylak_1092794,,Bolivia,global,1,0.69,-64.215242,-13.492339,-64.191155,-13.468916
hylak_1096314,,Brazil,global,1,0.9,-57.480214,-17.436785,-57.453952,-17.413362
hylak_109677,,Canada,global,1,2.35,-78.803171,44.889877,-78.768141,44.928865
hylak_109834,,United States of America,global,1,4.15,-98.555631,44.766167,-98.513813,44.800353
hylak_1099302,,Brazil,global,1,0.65,-57.930204,-21.771095,-57.904982,-21.747671
hylak_1099521,,Brazil,global,1,0.68,-45.797595,-22.264092,-45.772287,-22.240668
hylak_1100286,,Paraguay,global,1,0.53,-57.463536,-24.221475,-57.437853,-24.198051
hylak_110039,,United States of America,global,1,1.1,-93.579727,44.594183,-93.546825,44.617606
hylak_110162,,Canada,global,1,2.08,-65.377268,44.490342,-65.3403,44.518354
hylak_1101814,,Argentina,global,1,0.64,-59.142529,-27.941205,-59.116018,-27.917782
hylak_1102539,,Argentina,global,1,0.57,-59.107059,-28.626246,-59.080377,-28.602823
hylak_1102670,,Argentina,global,1,0.74,-58.531768,-28.758442,-58.505053,-28.735019
hylak_110319,,United States of America,global,1,2.45,-68.710281,44.311444,-68.677528,44.347331
hylak_110640,,United States of America,global,1,1.8,-70.815967,43.969222,-70.783419,44.017199
hylak_1107265,,Argentina,global,1,0.69,-60.561533,-32.557231,-60.533745,-32.533807
hylak_1108654,,Argentina,global,1,0.57,-62.912213,-34.003667,-62.883963,-33.980244
hylak_1109032,,Argentina,global,1,0.52,-62.988347,-34.422203,-62.959957,-34.39878
hylak_110905,Ririe,United States of America,global,2,3.98,-111.767827,43.475333,-111.71406,43.586189
hylak_111059,,Canada,global,1,2.67,-80.765679,43.144859,-80.691614,43.195265
hylak_111075,,United States of America,global,1,4.81,-88.539141,43.105931,-88.484491,43.14706
hylak_111228,,United States of America,global,1,2.49,-83.484253,42.655566,-83.436308,42.678989
hylak_111462,,United States of America,global,1,1.05,-86.011837,42.099717,-85.980264,42.12314
hylak_111613,,United States of America,global,1,1.07,-118.867483,41.739644,-118.836082,41.764202
hylak_111619,,United States of America,global,1,9.88,-120.910876,41.705333,-120.842476,41.754525
hylak_111641,,United States of America,global,1,1.17,-114.844801,41.687987,-114.813427,41.71141
hylak_111816,,United States of America,global,1,1.59,-72.865617,41.274778,-72.832975,41.316486
hylak_111939,,United States of America,global,1,1.83,-80.659238,40.901485,-80.628246,40.931525
hylak_111978,,United States of America,global,1,1.09,-105.135329,40.771901,-105.104395,40.795325
hylak_111996,,United States of America,global,1,1.83,-113.948107,40.725717,-113.849749,40.749141
hylak_112151,,United States of America,global,2,6.07,-121.196278,40.111167,-121.136512,40.170409
hylak_112525,,United States of America,global,1,1.43,-75.915566,38.154131,-75.885775,38.177555
hylak_112551,,United States of America,global,1,1.84,-117.637912,38.049028,-117.608166,38.072451
hylak_112573,,United States of America,global,1,1.02,-96.480025,37.925056,-96.45033,37.956777
hylak_112643,,United States of America,global,1,1.74,-95.147395,37.475611,-95.117873,37.500675
hylak_112880,,United States of America,global,1,1.6,-88.252251,35.692879,-88.223409,35.725257
hylak_113193,,United States of America,global,1,5.03,-90.898008,34.131722,-90.798957,34.176764
hylak_113444,,United States of America,global,1,3.38,-90.834759,33.195333,-90.806391,33.222335
hylak_113504,,United States of America,global,1,1.25,-90.498915,33.020292,-90.470977,33.043715
hylak_113661,,United States of America,global,1,1.11,-95.886474,32.232,-95.858781,32.256155
hylak_114219,,United States of America,global,1,1.11,-95.203291,29.290564,-95.176431,29.313988
hylak_114523,,United States of America,global,1,1.68,-81.496734,27.516141,-81.470322,27.539564
hylak_114587,,Mexico,global,1,1.19,-99.348578,26.275991,-99.322452,26.299415
hylak_114725,,The Bahamas,global,1,2.02,-78.244098,24.722972,-78.21082,24.746598
hylak_114752,,The Bahamas,global,1,7.71,-78.102802,24.56075,-78.054195,24.594939
hylak_115223,,Cuba,global,1,3.48,-77.075775,20.622139,-77.039663,20.650192
hylak_115271,,Mexico,global,1,1.76,-90.475991,20.09117,-90.448672,20.114594
hylak_115461,,Mexico,global,1,6.02,-93.560833,18.38325,-93.509716,18.406723
hylak_115484,,Mexico,global,1,1.15,-92.431483,18.331025,-92.406806,18.354448
hylak_115848,,Nicaragua,global,1,6.4,-83.642642,13.46325,-83.61003,13.497712
hylak_115871,,Honduras,global,1,1.53,-87.192989,13.098844,-87.168938,13.122267
hylak_116669,,Colombia,global,1,1.14,-76.791934,6.913909,-76.768338,6.937333
hylak_116841,,Kiribati,global,1,1.04,-157.382805,1.868389,-157.359369,1.897066
hylak_116851,,Colombia,global,1,2.33,-78.369106,1.793117,-78.345646,1.829449
hylak_117094,,Brazil,global,1,1.37,-61.596707,-1.517861,-61.572417,-1.488119
hylak_117136,,Brazil,global,1,4.18,-67.496606,-1.767583,-67.420873,-1.727959
hylak_117204,,Brazil,global,1,5.82,-54.910497,-1.93272,-54.869399,-1.85249
hylak_117425,,Ecuador,global,1,3.59,-80.971456,-2.269528,-80.922386,-2.221172
hylak_117762,,Ecuador,global,1,6.51,-79.751502,-2.700707,-79.698114,-2.676169
hylak_117794,,Brazil,global,1,2.34,-57.82855,-2.772306,-57.757542,-2.734151
hylak_117829,,Brazil,global,1,1.72,-57.40591,-2.799284,-57.382459,-2.77586
hylak_117843,,Brazil,global,1,1.56,-40.347159,-2.86175,-40.317694,-2.824431
hylak_117937,,Ecuador,global,1,1.22,-80.140324,-3.016472,-80.116869,-2.990773
hylak_118117,,Ecuador,global,1,1.34,-80.032161,-3.334528,-80.005564,-3.310575
hylak_118464,,Brazil,global,1,1.5,-62.616991,-3.987535,-62.593511,-3.964112
hylak_118519,,Brazil,global,1,1.4,-66.413529,-4.206472,-66.390044,-4.158643
hylak_119257,,Brazil,global,1,2.71,-50.241608,-10.084528,-50.162042,-10.000614
hylak_119503,,Bolivia,global,1,1.02,-65.133553,-12.177894,-65.106937,-12.15447
hylak_119630,,Bolivia,global,1,1.72,-65.02173,-13.027861,-64.997689,-12.998672
hylak_119636,,Bolivia,global,1,6.87,-64.066356,-13.058972,-64.008353,-13.028669
hylak_119676,,Bolivia,global,1,1.48,-67.255424,-13.255361,-67.231363,-13.217769
hylak_119771,,Brazil,global,1,1.03,-43.124934,-13.681231,-43.098638,-13.657807
hylak_119917,,Peru,global,1,2.75,-69.838598,-14.322861,-69.812798,-14.289508
hylak_119972,,Bolivia,global,1,1.46,-65.052566,-14.586061,-65.028364,-14.562638
hylak_120110,,Bolivia,global,1,7.78,-65.243662,-15.115775,-65.203106,-15.077236
hylak_120202,,Bolivia,global,1,6.61,-63.981328,-15.587583,-63.940339,-15.552283
hylak_120284,,Bolivia,global,1,4.1,-63.934092,-16.085083,-63.897456,-16.048116
hylak_120509,,Brazil,global,1,1.7,-57.539147,-17.667306,-57.514566,-17.639046
hylak_120594,,Brazil,global,1,1.05,-57.396263,-18.339528,-57.371589,-18.308958
hylak_120756,,Brazil,global,1,1.11,-41.090741,-21.245848,-41.065613,-21.222424
hylak_120962,,Argentina,global,1,3.05,-67.093707,-25.472861,-67.055857,-25.433674
hylak_121066,,Argentina,global,1,2.38,-67.199576,-27.13134,-67.166797,-27.105801
hylak_121447,,Brazil,global,1,1.2,-51.72255,-29.996649,-51.695505,-29.973225
hylak_121801,,Argentina,global,1,1.28,-59.808092,-33.485046,-59.780009,-33.461623
hylak_121812,,Argentina,global,1,1.16,-63.601763,-33.58175,-63.573649,-33.550341
hylak_121824,,Chile,global,1,5.15,-70.138811,-33.664528,-70.110669,-33.61145
hylak_121889,,Argentina,global,1,2.92,-63.04549,-34.01425,-63.017043,-33.976073
hylak_1360580,,Romania,global,1,0.71,27.323621,44.830019,27.356655,44.853443
hylak_1360692,,China,global,1,0.59,125.8073,44.773528,125.840309,44.801667
hylak_1362401,,Bulgaria,global,1,0.68,23.605581,43.731964,23.638006,43.755387
hylak_1363036,,Italy,global,1,0.65,10.499007,43.432938,10.531266,43.456362
hylak_1364743,,China,global,1,0.54,121.708596,41.959597,121.740102,41.983021
hylak_1365120,,China,global,1,0.98,91.516738,41.57094,91.548052,41.594363
hylak_1365751,,China,global,1,0.64,107.910292,41.062799,107.941363,41.086222
hylak_1366179,,Turkey,global,1,0.54,26.079973,40.721409,26.110885,40.744833
hylak_1367607,,Azerbaijan,global,1,0.67,48.686094,39.256861,48.716348,39.28327
hylak_1367895,,Turkmenistan,global,1,0.94,62.909262,39.066272,62.939438,39.089695
hylak_1368611,,Turkey,global,1,0.52,34.441965,38.328489,34.47183,38.351912
hylak_1369744,,China,global,2,0.64,114.08708,37.194361,114.116486,37.219381
hylak_1370514,,Japan,global,1,0.51,136.398264,36.396644,136.427369,36.420067
hylak_1371053,,China,global,1,0.76,89.454727,35.880878,89.483642,35.904302
hylak_1371543,,South Korea,global,1,0.52,126.699967,35.457178,126.728728,35.480601
hylak_1372769,,China,global,1,0.73,98.743439,34.422105,98.771839,34.445529
hylak_1373775,,China,global,1,0.54,91.489051,33.141269,91.51703,33.164693
hylak_1373783,,China,global,1,0.68,117.593901,33.132797,117.621877,33.15622
hylak_1375143,,Iraq,global,1,0.61,47.33214,32.137766,47.359805,32.161189
hylak_1375303,,China,china,2,0.66,119.635051,32.042241,119.662685,32.065665
hylak_1376094,,China,global,1,0.81,88.573303,31.539241,88.600789,31.562664
hylak_1376384,,China,global,1,0.8,117.614384,31.364743,117.641819,31.388166
hylak_1376727,,China,global,1,0.71,117.398728,31.165206,117.426103,31.188629
hylak_1379929,,China,china,2,0.58,121.149492,29.387361,121.176378,29.410784
hylak_1380725,,China,china,2,0.77,113.766025,28.895472,113.79278,28.922429
hylak_1381266,,China,global,2,0.9,119.225617,28.539563,119.252285,28.56532
hylak_1381667,,China,global,1,0.55,87.038467,28.194329,87.065048,28.217752
hylak_1381979,,China,china,2,0.73,107.53059,27.970158,107.570767,27.993582
hylak_1383639,,India,global,1,0.51,91.75362,26.213258,91.781158,26.236682
hylak_1384657,,India,global,1,0.67,87.59002,25.401167,87.615956,25.4304
hylak_1384813,,China,china,2,0.92,118.669376,25.294247,118.695288,25.317671
hylak_1385130,,China,china,2,0.93,104.810487,25.095333,104.841735,25.123957
hylak_1385766,,China,china,2,0.6,112.576733,24.781306,112.603545,24.805212
hylak_1385801,,China,global,1,0.8,104.235422,24.767833,104.261223,24.795078
hylak_1386327,,China,china,2,0.56,115.77988,24.549186,115.805633,24.572609
hylak_1389411,,Bangladesh,global,1,0.86,89.567201,22.556378,89.592567,22.579801
hylak_1390500,,China,global,1,0.56,108.375358,21.736306,108.401904,21.761175
hylak_1392953,,India,global,1,0.78,77.116781,19.221269,77.141589,19.244693
hylak_1393839,,China,china,2,0.7,109.507406,18.348491,109.532085,18.371915
hylak_1394273,,India,global,1,0.65,76.788832,17.902228,76.813449,17.925651
hylak_1397422,,India,global,1,0.64,79.310649,14.501409,79.334844,14.524833
hylak_1398885,,Thailand,global,1,0.87,99.956093,13.316547,99.980165,13.33997
hylak_1398961,,India,global,1,0.65,75.9763,13.263355,76.000367,13.286779
hylak_1400138,,Vietnam,global,1,0.7,108.081228,12.540711,108.105225,12.564135
hylak_1400595,,Cambodia,global,1,0.77,104.882119,12.238867,104.906088,12.262291
hylak_1400891,,India,global,1,0.9,79.129223,11.968166,79.153168,11.99159
hylak_1401002,,Somalia,global,1,0.78,50.541662,11.861861,50.565597,11.887143
hylak_1401818,,Philippines,global,1,0.63,123.488574,10.787377,123.51242,10.810801
hylak_1402070,,Vietnam,global,1,0.71,106.832207,10.449136,106.863027,10.47256
hylak_1405821,,Nigeria,global,1,0.86,7.954775,5.718629,7.978316,5.742053
hylak_1406286,,Cameroon,global,2,0.68,10.123727,3.816031,10.147203,3.839454
hylak_1406845,,Indonesia,global,1,0.91,111.990702,0.712406,112.022702,0.735829
hylak_1407206,,Indonesia,global,1,0.74,117.487364,-0.429842,117.510788,-0.406418
hylak_1408026,,Kenya,global,1,0.64,40.164667,-2.432204,40.188111,-2.408781
hylak_1408405,,Indonesia,global,1,0.67,136.049832,-2.911536,136.073285,-2.888113
hylak_1410780,,Zambia,global,1,0.74,30.145074,-8.647064,30.168766,-8.623641
hylak_1411110,,Angola,global,1,0.95,13.657723,-10.296886,13.681529,-10.273462
hylak_1412053,,Australia,global,1,0.87,135.852671,-13.269142,135.883747,-13.245718
hylak_1412884,,Australia,global,1,0.55,135.64957,-15.164952,135.673837,-15.141528
hylak_1413618,,Madagascar,global,1,0.75,45.308368,-16.157458,45.332752,-16.134034
hylak_1414983,,Australia,global,1,0.64,139.904035,-17.739871,139.928627,-17.716447
hylak_1415325,,Zimbabwe,global,1,0.53,30.151137,-18.3054,30.175808,-18.281977
hylak_1417137,,Madagascar,global,1,0.86,48.000727,-21.772861,48.025946,-21.749228
hylak_1417678,,Australia,global,1,0.63,150.424673,-23.439496,150.4502,-23.416073
hylak_1418340,,Australia,global,1,0.72,140.342372,-24.956427,140.368206,-24.933004
hylak_1418447,,Australia,global,1,0.6,119.038311,-25.177158,119.064189,-25.153735
hylak_1419171,,South Africa,global,1,0.54,28.301396,-26.242344,28.327509,-26.218921
hylak_1421898,,Australia,global,1,0.6,126.66384,-29.14275,126.690656,-29.119327
hylak_1423901,,Australia,global,2,0.91,141.201756,-31.840969,141.229321,-31.810659
hylak_1426121,,Australia,global,1,0.57,143.748971,-34.435076,143.777367,-34.411652
hylak_14442,,Spain,global,2,14.31,-2.815497,41.82825,-2.699102,41.906331
hylak_14893,,China,global,1,21.62,119.223397,35.426583,119.326108,35.502992
hylak_14926,,China,china,2,13.32,118.915063,34.925472,118.983548,34.984659
hylak_14963,,China,china,2,11.96,107.146768,34.529361,107.215508,34.637853
hylak_14992,,China,china,2,19.49,111.167536,34.138495,111.309185,34.244678
hylak_15113,,China,china,2,31.71,111.857313,32.362322,111.964518,32.465961
hylak_15152,,China,china,2,20.13,112.609921,31.845908,112.702028,31.935659
hylak_15167,,China,china,2,11.66,112.588694,31.711172,112.645541,31.785992
hylak_15172,,China,china,2,24.95,115.721207,31.506583,115.918679,31.702997
hylak_15251,,China,china,2,13.14,111.699597,30.953831,111.756153,31.030459
hylak_15308,,China,china,2,35.54,104.230064,30.214621,104.302462,30.333572
hylak_15314,,China,china,2,12.27,119.73017,30.199703,119.804203,30.263418
hylak_15327,,China,global,1,31.58,115.765721,29.925194,115.867442,30.018831
hylak_15346,,China,china,2,45.21,119.397482,29.197305,119.663629,29.722586
hylak_15377,,China,china,2,15.53,111.080744,29.178528,111.206608,29.273298
hylak_15409,,China,china,2,44.02,118.825697,28.484434,118.997712,28.694792
hylak_15435,,China,china,2,14.28,114.195123,27.304819,114.272179,27.411257
hylak_15452,,China,china,2,21.86,112.811226,26.378561,112.900561,26.589788
hylak_15460,,China,china,2,14.42,103.266715,26.246444,103.478024,26.376213
hylak_15478,,China,china,2,23.69,110.142191,25.455276,110.252495,25.612853
hylak_15482,,China,china,2,20.78,109.408122,25.452163,109.495582,25.693386
hylak_15483,,China,china,2,10.61,116.957435,25.342268,117.06639,25.410897
hylak_15525,,China,china,2,13.27,115.53643,23.924768,115.635414,23.976456
hylak_15550,,China,china,2,29.33,115.026993,23.066309,115.188831,23.1707
hylak_15598,,China,china,2,25.15,109.061986,21.791153,109.184748,21.919402
hylak_15620,,India,global,1,11.68,81.197836,20.637139,81.237787,20.70662
hylak_15630,Madhuban,India,global,2,38.0,73.053567,20.138806,73.250616,20.229559
hylak_15655,,China,china,2,35.16,108.956364,18.857278,109.072581,19.024247
hylak_15659,,India,global,2,17.44,73.460858,18.856447,73.580775,18.950497
hylak_15799,,Cambodia,global,1,17.29,104.67568,12.160611,104.771554,12.264803
hylak_15960,,Uganda,global,1,38.52,31.253669,-0.747583,31.415457,-0.658114
hylak_16096,,Indonesia,global,2,10.58,112.444264,-8.206611,112.528133,-8.154089
hylak_16154,,Zambia,global,2,27.78,28.770614,-14.70175,28.865231,-14.537258
hylak_16285,,France,global,1,33.28,166.680475,-22.171169,166.886192,-22.096961
hylak_16580,,Australia,global,1,24.2,123.269367,-32.909944,123.379285,-32.847978
hylak_171376,,China,global,1,1.48,122.125846,44.584949,122.15874,44.608373
hylak_171528,,Romania,global,1,1.23,27.892302,44.195994,27.924982,44.219417
hylak_171659,,Kazakhstan,global,1,2.19,70.970981,43.769083,71.003428,43.794528
hylak_171767,,China,global,1,1.93,121.840063,43.505715,121.875574,43.529138
hylak_171771,,Republic of Serbia,global,2,5.15,19.806542,43.469639,19.90855,43.521884
hylak_171827,,France,global,1,3.72,4.587844,43.358528,4.624022,43.392535
hylak_171928,,China,global,1,1.77,122.260619,43.107902,122.302714,43.131325
hylak_172302,,Turkey,global,2,3.7,27.266142,41.732417,27.351526,41.784664
hylak_172445,,China,global,1,2.53,85.764831,41.139778,85.795944,41.178255
hylak_172703,,China,global,1,1.04,122.219451,40.560038,122.250287,40.583461
hylak_172833,,Spain,global,2,3.57,-6.046655,40.05575,-5.968361,40.101395
hylak_173009,,Azerbaijan,global,1,1.41,48.699843,39.393806,48.730157,39.424285
hylak_173072,,Spain,global,2,1.0,-0.943833,39.221761,-0.913591,39.245184
hylak_173213,,Italy,global,1,1.01,17.040601,38.993599,17.070744,39.017023
hylak_173391,,Turkmenistan,global,1,2.87,59.957306,38.471861,59.987238,38.511881
hylak_173427,,China,global,1,2.0,117.582778,38.368528,117.615772,38.392717
hylak_173566,,China,global,1,8.54,118.081447,38.037694,118.194664,38.061419
hylak_173711,,Tajikistan,global,1,2.92,72.946784,37.703934,72.976399,37.739934
hylak_173823,,Tajikistan,global,1,6.61,67.994206,37.383528,68.028316,37.427717
hylak_174026,Dogenko,Japan,global,2,1.08,139.04951,36.863736,139.080932,36.907075
hylak_174249,,China,global,2,2.04,111.646725,36.034617,111.694867,36.064942
hylak_174368,,Algeria,global,1,1.23,-0.620234,35.654186,-0.591404,35.677609
hylak_174670,,China,global,1,1.66,119.236468,34.686657,119.264958,34.71008
hylak_174755,,China,china,2,1.4,109.50542,34.429083,109.533828,34.463545
hylak_174783,,China,china,2,6.02,110.736426,34.330006,110.787948,34.38486
hylak_174796,,China,global,1,3.14,120.179806,34.304639,120.20817,34.332717
hylak_174980,,Iraq,global,1,1.85,39.55215,33.336401,39.580189,33.359824
hylak_175071,,China,china,2,1.46,107.20923,32.997417,107.239552,33.039184
hylak_175185,,China,china,2,9.2,113.874503,32.60825,113.958386,32.673275
hylak_175259,,China,global,1,4.39,117.488925,32.435194,117.527173,32.47912
hylak_175373,,China,china,2,1.86,119.240341,32.064639,119.270018,32.098579
hylak_175401,,China,china,2,8.7,113.331829,31.971925,113.415497,32.076053
hylak_175455,,China,china,2,1.32,119.097044,31.763806,119.124601,31.793303
hylak_175518,,China,china,2,2.08,104.242733,31.511259,104.272168,31.538724
hylak_175585,,China,china,2,2.56,114.123097,31.314361,114.171074,31.356053
hylak_175588,,China,china,2,8.44,115.219364,31.325059,115.292465,31.377026
hylak_175624,,China,china,2,4.3,116.33703,31.187139,116.382493,31.243923
hylak_175634,,China,china,2,2.66,111.336318,31.207864,111.394256,31.267831
hylak_175658,,China,china,2,5.04,114.721843,31.163528,114.777811,31.239664
hylak_175699,,China,china,2,6.09,115.61155,31.078395,115.680644,31.123722
hylak_175737,,China,global,1,1.35,120.591303,31.001019,120.618632,31.024443
hylak_175819,,China,global,1,1.61,112.996846,30.842972,113.02413,30.867156
hylak_175841,,China,global,1,3.46,81.547668,30.78325,81.582028,30.81503
hylak_175883,,China,china,2,9.51,107.265427,30.710111,107.314597,30.79748
hylak_175952,,China,global,1,1.06,117.122904,30.529329,117.150103,30.552752
hylak_175971,,China,china,2,8.61,115.752003,30.48825,115.806331,30.557736
hylak_176065,,China,china,2,7.05,105.19032,30.197189,105.278914,30.269243
hylak_176071,,China,china,2,2.56,106.04325,30.227543,106.082436,30.267525
hylak_176121,,China,china,2,3.3,105.166103,30.045615,105.221063,30.089483
hylak_176140,,China,china,2,3.57,119.590459,29.999776,119.631129,30.049325
hylak_176195,,China,global,1,4.04,83.477839,29.86825,83.525495,29.896328
hylak_176267,,China,china,2,1.59,121.573013,29.675194,121.599981,29.711373
hylak_176307,,China,china,2,1.49,121.324425,29.550472,121.359193,29.579101
hylak_176316,,China,china,2,1.68,105.784225,29.517972,105.820219,29.547583
hylak_176317,,China,china,2,3.54,104.896936,29.527028,104.94085,29.573285
hylak_176331,,China,china,2,2.12,117.986284,29.474917,118.015772,29.515772
hylak_176346,,China,china,2,3.45,120.568949,29.379381,120.60478,29.427889
hylak_176355,,China,china,2,3.55,118.302424,29.389931,118.354417,29.432751
hylak_176434,,China,china,2,8.08,118.879964,29.116271,118.952639,29.155898
hylak_176457,,China,china,2,3.73,120.140375,29.023165,120.186244,29.046589
hylak_176465,,China,china,2,1.39,111.26061,28.989083,111.28739,29.029881
hylak_176480,,China,china,2,2.62,119.325271,28.922585,119.35716,28.958728
hylak_176497,,China,china,2,5.49,120.140114,28.854733,120.195007,28.903581
hylak_176584,,China,china,2,2.33,111.514023,28.642272,111.544712,28.680603
hylak_176605,,China,global,1,3.62,112.542839,28.556306,112.574335,28.594384
hylak_176611,,China,global,2,2.0,117.41044,28.549803,117.439368,28.583002
hylak_176639,,China,china,2,4.0,121.391172,28.337778,121.439791,28.378145
hylak_176647,,China,china,2,2.08,116.655672,28.314867,116.688598,28.350614
hylak_176663,,China,china,2,3.25,118.249795,28.217623,118.292825,28.266193
hylak_176674,,China,china,2,4.31,109.756582,28.144815,109.814239,28.220357
hylak_176683,,China,china,2,8.84,113.848716,28.174397,113.941469,28.24027
hylak_176688,,China,global,1,1.32,115.115121,28.138633,115.146495,28.162056
hylak_176689,,China,china,2,2.2,117.361663,28.13226,117.405112,28.156611
hylak_176731,,China,china,2,7.53,111.585733,27.813073,111.642971,27.886198
hylak_176759,,China,china,2,2.85,110.632611,27.464779,110.68122,27.510956
hylak_176768,,China,china,2,2.45,114.777941,27.397988,114.814969,27.428984
hylak_176775,,China,china,2,2.97,110.781575,27.363386,110.824009,27.413034
hylak_176791,,China,global,1,1.32,116.134888,27.164361,116.161223,27.200839
hylak_176794,,China,china,2,2.31,116.653116,27.101583,116.697057,27.136473
hylak_176841,,China,china,2,2.24,110.572065,26.622696,110.600345,26.668761
hylak_176859,,China,china,2,2.17,115.945298,26.467045,115.976262,26.509625
hylak_176871,,China,china,2,2.08,106.573529,26.414167,106.648759,26.456787
hylak_176878,,China,china,2,8.18,105.69838,26.337972,105.809386,26.42162
hylak_176891,,China,china,2,5.45,113.402194,26.215817,113.441434,26.300626
hylak_176896,,China,china,2,3.15,112.251397,26.238008,112.301222,26.274972
hylak_176916,,China,china,2,7.87,99.921048,26.1309,99.9627,26.1887
hylak_176932,,China,china,2,2.85,102.428351,26.012,102.468627,26.044024
hylak_176984,,China,china,2,2.02,113.797833,25.677088,113.825058,25.72027
hylak_177063,,China,china,2,2.19,113.477796,25.211277,113.503686,25.255522
hylak_177076,,China,china,2,1.24,118.780344,25.136421,118.809284,25.159845
hylak_177098,,China,china,2,4.05,118.548394,25.075194,118.617161,25.118828
hylak_177116,,China,china,2,1.04,116.903798,24.999083,116.929645,25.024374
hylak_177200,,China,china,2,1.38,115.853119,24.701028,115.883308,24.726391
hylak_177220,,Bangladesh,global,1,4.31,92.054608,24.619778,92.089241,24.662109
hylak_177221,,China,china,2,2.44,114.310949,24.630281,114.360439,24.65587
hylak_177305,,China,china,2,2.68,117.829306,24.242417,117.889664,24.282442
hylak_177330,,India,global,1,1.33,74.813145,24.119882,74.838811,24.143305
hylak_177335,,China,china,2,1.74,112.021058,24.10075,112.046719,24.131048
hylak_177343,,China,china,2,9.91,111.711987,24.043342,111.807161,24.244661
hylak_177372,,China,global,1,1.05,117.147087,23.812972,117.175038,23.858251
hylak_177437,,China,china,2,3.55,114.496104,23.562726,114.556326,23.602845
hylak_177483,,China,china,2,4.0,110.205744,23.303476,110.253481,23.344208
hylak_177553,,China,china,2,2.8,115.864225,23.086583,115.906348,23.143842
hylak_177630,,China,china,2,5.62,109.633888,22.679697,109.669928,22.74355
hylak_177653,,Bangladesh,global,1,1.15,89.373579,22.656438,89.398963,22.679862
hylak_177741,,India,global,1,1.13,88.734028,22.529877,88.75939,22.555728
hylak_177824,,China,global,1,1.38,112.38049,22.391583,112.405827,22.437219
hylak_177894,,China,global,1,1.67,99.408268,22.127278,99.433559,22.163362
hylak_177971,,India,global,1,2.47,80.973955,21.673528,81.000173,21.702712
hylak_178088,,India,global,2,9.47,78.675897,20.954082,78.746391,21.009937
hylak_178380,,China,china,2,2.92,108.784925,18.840889,108.846742,18.879291
hylak_178438,,China,global,1,1.48,109.830697,18.484222,109.855395,18.507705
hylak_178940,,Mali,global,1,1.04,-4.30439,15.046761,-4.280133,15.070184
hylak_179264,,India,global,1,1.1,79.90074,13.330841,79.924813,13.354265
hylak_179410,,Vietnam,global,1,2.8,108.502868,12.773667,108.548585,12.814136
hylak_179541,,Thailand,global,1,3.78,99.659969,12.066167,99.69001,12.096203
hylak_179651,,India,global,2,3.13,76.598381,11.324083,76.629939,11.364661
hylak_179673,,Cambodia,global,1,3.28,104.786716,11.134222,104.830231,11.160782
hylak_179898,,Nigeria,global,1,5.59,4.900039,9.217139,4.945772,9.244106
hylak_180211,,Sri Lanka,global,1,4.22,81.719334,7.227139,81.750541,7.255767
hylak_180471,,South Sudan,global,1,1.49,31.713943,4.980472,31.737456,5.012995
hylak_180549,,Uganda,global,1,1.81,33.758952,1.624743,33.78346,1.648166
hylak_180678,,Indonesia,global,1,2.08,117.496547,-0.034944,117.519971,0.013244
hylak_180689,,Democratic Republic of the Congo,global,1,6.53,18.49978,-0.172028,18.584664,-0.133392
hylak_180729,,Uganda,global,1,1.36,30.918197,-0.754286,30.941623,-0.730863
hylak_180793,,United Republic of Tanzania,global,1,4.5,30.748826,-1.527306,30.778781,-1.491177
hylak_180823,,Indonesia,global,1,2.94,114.703417,-1.788823,114.741078,-1.762522
hylak_181035,,Indonesia,global,1,1.53,104.85977,-3.564681,104.888933,-3.537577
hylak_181366,,Papua New Guinea,global,1,1.59,141.620851,-6.904946,141.644445,-6.879069
hylak_181603,,Indonesia,global,1,1.35,139.889032,-7.933278,139.912682,-7.895104
hylak_181610,,Papua New Guinea,global,1,1.19,143.067,-7.943557,143.09065,-7.917335
hylak_181659,,Democratic Republic of the Congo,global,1,2.9,26.417288,-8.311194,26.448343,-8.286357
hylak_181760,,Democratic Republic of the Congo,global,1,5.88,28.542563,-9.866472,28.586366,-9.839508
hylak_182237,,Australia,global,1,1.41,128.017419,-15.57941,128.045358,-15.555987
hylak_182250,,Malawi,global,1,6.09,35.762844,-15.665083,35.818709,-15.631177
hylak_182447,,Madagascar,global,1,4.39,44.559706,-16.932306,44.592769,-16.890864
hylak_182758,,Madagascar,global,1,1.4,47.280616,-20.355117,47.316626,-20.331694
hylak_182894,,Madagascar,global,1,1.8,46.967993,-21.920639,47.006884,-21.880802
hylak_183144,,South Africa,global,2,1.95,30.986174,-25.223417,31.021881,-25.191671
hylak_183145,,Australia,global,1,3.14,132.059625,-25.248278,132.08651,-25.217147
hylak_183644,,Australia,global,1,2.04,140.548063,-28.174111,140.574631,-28.149094
hylak_183701,,Australia,global,1,7.04,122.160102,-28.599389,122.222403,-28.484067
hylak_183713,,Australia,global,1,1.38,139.700321,-28.672751,139.727015,-28.649328
hylak_183854,,Australia,global,1,8.13,130.319829,-29.297167,130.35686,-29.236195
hylak_183947,,Australia,global,1,6.99,117.678838,-29.678556,117.725016,-29.619629
hylak_184132,,Australia,global,1,1.26,135.255454,-30.761965,135.290054,-30.738542
hylak_184462,,Australia,global,1,2.59,120.492195,-32.617167,120.526533,-32.57811
hylak_184717,,South Africa,global,2,1.76,18.898399,-34.175366,18.939824,-34.151943
hylak_9077,,United States of America,global,2,12.45,-114.450052,43.247278,-114.347668,43.338346
hylak_9140,,United States of America,global,1,16.02,-122.109458,41.830889,-122.033697,41.898414
hylak_9175,,United States of America,global,1,10.57,-112.150602,40.715889,-112.086739,40.752329
hylak_9821,,Nicaragua,global,2,34.94,-86.030226,13.133669,-85.895319,13.263216
hylak_9919,,Venezuela,global,1,14.35,-61.806328,8.659917,-61.725894,8.700772
hylak_9979,,Brazil,global,1,18.53,-65.960775,-1.868417,-65.881447,-1.803669
